Type,Name,Request Count,Failure Count,Median Response Time,Average Response Time,Min Response Time,Max Response Time,Average Content Size,Requests/s,Failures/s,50%,66%,75%,80%,90%,95%,98%,99%,99.9%,99.99%,100%
GET,/,12,8,4600,4580.497676834057,30.430333004915155,10433.824375002587,21.666666666666668,0.0509460920550112,0.033964061370007466,4700,4700,10000,10000,10000,10000,10000,10000,10000,10000,10000
POST,/predict,24,13,10000,13617.043138875184,34.21783300291281,27399.685374999535,15.833333333333334,0.1018921841100224,0.055191599726262135,11000,20000,22000,25000,27000,27000,27000,27000,27000,27000,27000
,Aggregated,36,21,10000,10604.86131819481,30.430333004915155,27399.685374999535,17.77777777777778,0.15283827616503362,0.0891556610962696,10000,10000,20000,21000,26000,27000,27000,27000,27000,27000,27000
